/*
Navicat MySQL Data Transfer

Source Server         : mysql
Source Server Version : 50621
Source Host           : localhost:3306
Source Database       : newsky

Target Server Type    : MYSQL
Target Server Version : 50621
File Encoding         : 65001

Date: 2017-03-12 23:02:13
*/

SET FOREIGN_KEY_CHECKS=0;

-- ----------------------------
-- Table structure for land_entertip
-- ----------------------------
DROP TABLE IF EXISTS `land_entertip`;
CREATE TABLE `land_entertip` (
  `id` bigint(20) NOT NULL,
  `landId` bigint(20) NOT NULL,
  `tip` varchar(255) DEFAULT NULL,
  PRIMARY KEY (`id`)
) ENGINE=InnoDB DEFAULT CHARSET=utf8;

-- ----------------------------
-- Records of land_entertip
-- ----------------------------
INSERT INTO `land_entertip` VALUES ('2', '2', '§6你进入了 §3<name>');
INSERT INTO `land_entertip` VALUES ('3', '3', '§6你进入了资源岛');
INSERT INTO `land_entertip` VALUES ('4', '4', '§6你进入了恐怖矿洞!');
INSERT INTO `land_entertip` VALUES ('677', '679', '§6你进入了 §3<name>');
INSERT INTO `land_entertip` VALUES ('919', '921', '§c你进入了地狱!');
INSERT INTO `land_entertip` VALUES ('932', '934', '§6你进入了 §3<name>');
INSERT INTO `land_entertip` VALUES ('1041', '1043', '§6你进入了 §3<name>');
INSERT INTO `land_entertip` VALUES ('1944', '1946', '§6你进入了 §3<name>');
INSERT INTO `land_entertip` VALUES ('1960', '1962', '§6你进入了 §3<name>');
INSERT INTO `land_entertip` VALUES ('1966', '1968', '§6你进入了 §3<name>');
INSERT INTO `land_entertip` VALUES ('6680', '6681', '§c你进入了矿洞深处!');
INSERT INTO `land_entertip` VALUES ('6879', '6880', '§c你进入了刷怪区底层');

-- ----------------------------
-- Table structure for land_land
-- ----------------------------
DROP TABLE IF EXISTS `land_land`;
CREATE TABLE `land_land` (
  `id` bigint(20) NOT NULL,
  `fix` tinyint(1) DEFAULT NULL,
  `type` int(11) DEFAULT NULL,
  `name` varchar(255) DEFAULT NULL,
  `overlap` tinyint(1) DEFAULT NULL,
  `price` int(11) DEFAULT NULL,
  `owner` varchar(255) DEFAULT NULL,
  `range_` tinyblob,
  `level` int(11) DEFAULT NULL,
  `flags` blob,
  `pers` blob,
  PRIMARY KEY (`id`)
) ENGINE=InnoDB DEFAULT CHARSET=utf8;

-- ----------------------------
-- Records of land_land
-- ----------------------------
INSERT INTO `land_land` VALUES ('2', '0', '1', 'from1', '0', '-1', 'fyxridd', 0xACED00057372000A6C616E642E52616E676500000000000000000200024C0002703174000A4C6C616E642F506F733B4C0002703271007E00017870737200086C616E642E506F73000000000000000102000449000178490001794900017A4C0005776F726C647400124C6A6176612F6C616E672F537472696E673B7870FFFFFFFA000000B3FFFFFED7740005776F726C647371007E0003FFFFFFE1000000AAFFFFFEBD71007E0006, '1000', 0xACED0005737200116A6176612E7574696C2E486173684D61700507DAC1C31660D103000246000A6C6F6164466163746F724900097468726573686F6C6478703F4000000000001877080000002000000016740003726573737200116A6176612E6C616E672E496E746567657212E2A0A4F781873802000149000576616C7565787200106A6176612E6C616E672E4E756D62657286AC951D0B94E08B02000078700000000074000762616E446F6F727371007E00030000000074000B62616E5573654F7468657271007E000774000862616E506C61636571007E000774000762616E4D6F766571007E000774000666697842756771007E000774000962616E4275636B657471007E000774000D62616E506F74696F6E4875727471007E000774000662616E55736571007E000774000A62616E436F6E7461637471007E000774000C62616E436F6E7461696E657271007E000774000B62616E506879736963616C71007E000774000770726F7465637471007E000774000762616E466C6F7771007E000774000562616E547071007E000774000F62616E456E746974794368616E676571007E000774000662616E45796571007E000774000962616E49676E69746571007E000774000B62616E426F6E656D65616C71007E000774000B62616E496E74657261637471007E000774000962616E427574746F6E71007E000774000862616E427265616B71007E000778, 0xACED0005737200116A6176612E7574696C2E486173684D61700507DAC1C31660D103000246000A6C6F6164466163746F724900097468726573686F6C6478703F400000000000007708000000010000000078);
INSERT INTO `land_land` VALUES ('3', '0', '1', 'to1', '0', '-1', 'fyxridd', 0xACED00057372000A6C616E642E52616E676500000000000000000200024C0002703174000A4C6C616E642F506F733B4C0002703271007E00017870737200086C616E642E506F73000000000000000102000449000178490001794900017A4C0005776F726C647400124C6A6176612F6C616E672F537472696E673B7870FFFFFFF4000000AEFFFFFF88740005776F726C647371007E00030000000D000000A5FFFFFFA271007E0006, '1000', 0xACED0005737200116A6176612E7574696C2E486173684D61700507DAC1C31660D103000246000A6C6F6164466163746F724900097468726573686F6C6478703F4000000000000C7708000000100000000774000F62616E456E746974794368616E6765737200116A6176612E6C616E672E496E746567657212E2A0A4F781873802000149000576616C7565787200106A6176612E6C616E672E4E756D62657286AC951D0B94E08B0200007870000000007400037265737371007E00030000000074000862616E506C6163657371007E00030000000474000666697842756771007E000774000B62616E506879736963616C7371007E00030000000174000762616E466C6F7771007E000774000562616E547071007E000778, 0xACED0005737200116A6176612E7574696C2E486173684D61700507DAC1C31660D103000246000A6C6F6164466163746F724900097468726573686F6C6478703F400000000000007708000000010000000078);
INSERT INTO `land_land` VALUES ('4', '0', '1', 'mine', '0', '-1', '@系统@', 0xACED00057372000A6C616E642E52616E676500000000000000000200024C0002703174000A4C6C616E642F506F733B4C0002703271007E00017870737200086C616E642E506F73000000000000000102000449000178490001794900017A4C0005776F726C647400124C6A6176612F6C616E672F537472696E673B7870FFFFFF0D0000009D00000002740005776F726C647371007E0003FFFFFEE2000000BCFFFFFFB371007E0006, '1000', 0xACED0005737200116A6176612E7574696C2E486173684D61700507DAC1C31660D103000246000A6C6F6164466163746F724900097468726573686F6C6478703F4000000000000C7708000000100000000874000F62616E456E746974794368616E6765737200116A6176612E6C616E672E496E746567657212E2A0A4F781873802000149000576616C7565787200106A6176612E6C616E672E4E756D62657286AC951D0B94E08B02000078700000000074000862616E506C6163657371007E00030000001E74000B62616E426F6E656D65616C71007E000574000666697842756771007E000574000962616E4275636B657471007E00057400046D696E6571007E000574000762616E466C6F777371007E00030000000074000562616E547071007E000D78, 0xACED0005737200116A6176612E7574696C2E486173684D61700507DAC1C31660D103000246000A6C6F6164466163746F724900097468726573686F6C6478703F400000000000007708000000010000000078);
INSERT INTO `land_land` VALUES ('5', '0', '1', 'spawn', '1', '-1', '@系统@', 0xACED00057372000A6C616E642E52616E676500000000000000000200024C0002703174000A4C6C616E642F506F733B4C0002703271007E00017870737200086C616E642E506F73000000000000000102000449000178490001794900017A4C0005776F726C647400124C6A6176612F6C616E672F537472696E673B7870FFFFD8E000000000FFFFD8C6740005776F726C647371007E00030000270A00000100000026EB71007E0006, '100', 0xACED0005737200116A6176612E7574696C2E486173684D61700507DAC1C31660D103000246000A6C6F6164466163746F724900097468726573686F6C6478703F4000000000000C7708000000100000000974000F62616E456E746974794368616E6765737200116A6176612E6C616E672E496E746567657212E2A0A4F781873802000149000576616C7565787200106A6176612E6C616E672E4E756D62657286AC951D0B94E08B02000078700000000074000862616E506C61636571007E000574000962616E49676E6974657371007E00030000000074000B62616E426F6E656D65616C71007E000574000666697842756771007E000574000962616E4275636B657471007E000574000C62616E436F6E7461696E65727371007E00030000000074000862616E427265616B71007E000574000562616E547071007E000578, 0xACED0005737200116A6176612E7574696C2E486173684D61700507DAC1C31660D103000246000A6C6F6164466163746F724900097468726573686F6C6478703F400000000000007708000000010000000078);
INSERT INTO `land_land` VALUES ('6', '0', '1', 'sky', '1', '-1', 'fyxridd', 0xACED00057372000A6C616E642E52616E676500000000000000000200024C0002703174000A4C6C616E642F506F733B4C0002703271007E00017870737200086C616E642E506F73000000000000000102000449000178490001794900017A4C0005776F726C647400124C6A6176612F6C616E672F537472696E673B7870000187380000000000018735740003736B797371007E0003FFFE79F500000100FFFE79F371007E0006, '10', 0xACED0005737200116A6176612E7574696C2E486173684D61700507DAC1C31660D103000246000A6C6F6164466163746F724900097468726573686F6C6478703F400000000000187708000000200000001374000B62616E5573654F74686572737200116A6176612E6C616E672E496E746567657212E2A0A4F781873802000149000576616C7565787200106A6176612E6C616E672E4E756D62657286AC951D0B94E08B02000078700000000074000762616E446F6F7271007E000574000862616E506C61636571007E000574000666697842756771007E000574000962616E4275636B657471007E000574000D62616E506F74696F6E4875727471007E000574000662616E55736571007E000574000A62616E436F6E7461637471007E000574000B62616E506879736963616C71007E000574000C62616E436F6E7461696E657271007E000574000770726F7465637471007E000574000762616E466C6F7771007E000574000562616E547071007E000574000662616E45796571007E000574000F62616E456E746974794368616E676571007E000574000962616E49676E69746571007E000574000B62616E426F6E656D65616C71007E000574000962616E427574746F6E71007E000574000862616E427265616B71007E000578, 0xACED0005737200116A6176612E7574696C2E486173684D61700507DAC1C31660D103000246000A6C6F6164466163746F724900097468726573686F6C6478703F400000000000107708000000100000000078);
INSERT INTO `land_land` VALUES ('7', '0', '1', 'mineSpawn', '1', '-1', 'fyxridd', 0xACED00057372000A6C616E642E52616E676500000000000000000200024C0002703174000A4C6C616E642F506F733B4C0002703271007E00017870737200086C616E642E506F73000000000000000102000449000178490001794900017A4C0005776F726C647400124C6A6176612F6C616E672F537472696E673B7870FFFFFF02000000A3FFFFFFFF740005776F726C647371007E0003FFFFFF01000000A60000000171007E0006, '10000', 0xACED0005737200116A6176612E7574696C2E486173684D61700507DAC1C31660D103000246000A6C6F6164466163746F724900097468726573686F6C6478703F400000000000187708000000200000000E74000B62616E5573654F74686572737200116A6176612E6C616E672E496E746567657212E2A0A4F781873802000149000576616C7565787200106A6176612E6C616E672E4E756D62657286AC951D0B94E08B02000078700000000074000762616E446F6F7271007E000574000862616E506C61636571007E000574000666697842756771007E000574000962616E4275636B657471007E000574000D62616E506F74696F6E4875727471007E000574000A62616E436F6E7461637471007E000574000C62616E436F6E7461696E657271007E000574000770726F7465637471007E000574000F62616E456E746974794368616E676571007E000574000962616E49676E69746571007E000574000B62616E426F6E656D65616C71007E000574000962616E427574746F6E71007E000574000862616E427265616B71007E000578, 0xACED0005737200116A6176612E7574696C2E486173684D61700507DAC1C31660D103000246000A6C6F6164466163746F724900097468726573686F6C6478703F400000000000107708000000100000000078);
INSERT INTO `land_land` VALUES ('599', '0', '1', 'break', '1', '-1', 'fyxridd', 0xACED00057372000A6C616E642E52616E676500000000000000000200024C0002703174000A4C6C616E642F506F733B4C0002703271007E00017870737200086C616E642E506F73000000000000000102000449000178490001794900017A4C0005776F726C647400124C6A6176612F6C616E672F537472696E673B7870FFFFFFDB000000A800000000740005776F726C647371007E0003FFFFFFDB000000A80000000071007E0006, '1000', 0xACED0005737200116A6176612E7574696C2E486173684D61700507DAC1C31660D103000246000A6C6F6164466163746F724900097468726573686F6C6478703F400000000000187708000000200000000D74000762616E446F6F72737200116A6176612E6C616E672E496E746567657212E2A0A4F781873802000149000576616C7565787200106A6176612E6C616E672E4E756D62657286AC951D0B94E08B02000078700000000074000B62616E5573654F7468657271007E000574000862616E506C6163657371007E00030000000474000666697842756771007E000574000962616E4275636B657471007E000574000D62616E506F74696F6E4875727471007E000574000A62616E436F6E7461637471007E000574000C62616E436F6E7461696E657271007E000574000770726F7465637471007E000574000F62616E456E746974794368616E676571007E000574000962616E49676E69746571007E000574000B62616E426F6E656D65616C71007E000574000962616E427574746F6E71007E000578, 0xACED0005737200116A6176612E7574696C2E486173684D61700507DAC1C31660D103000246000A6C6F6164466163746F724900097468726573686F6C6478703F400000000000007708000000010000000078);
INSERT INTO `land_land` VALUES ('605', '0', '1', 'high', '1', '-1', 'fyxridd', 0xACED00057372000A6C616E642E52616E676500000000000000000200024C0002703174000A4C6C616E642F506F733B4C0002703271007E00017870737200086C616E642E506F73000000000000000102000449000178490001794900017A4C0005776F726C647400124C6A6176612F6C616E672F537472696E673B7870FFFFFFD9000000A800000000740005776F726C647371007E0003FFFFFFD9000000A80000000071007E0006, '1000', 0xACED0005737200116A6176612E7574696C2E486173684D61700507DAC1C31660D103000246000A6C6F6164466163746F724900097468726573686F6C6478703F400000000000187708000000200000000F74000762616E446F6F72737200116A6176612E6C616E672E496E746567657212E2A0A4F781873802000149000576616C7565787200106A6176612E6C616E672E4E756D62657286AC951D0B94E08B02000078700000000074000B62616E5573654F7468657271007E000574000862616E506C61636571007E000574000666697842756771007E000574000962616E4275636B657471007E000574000D62616E506F74696F6E4875727471007E000574000A62616E436F6E7461637471007E000574000C62616E436F6E7461696E657271007E000574000B62616E506879736963616C7371007E00030000000274000770726F7465637471007E000574000F62616E456E746974794368616E676571007E000574000962616E49676E69746571007E000574000B62616E426F6E656D65616C71007E000574000962616E427574746F6E71007E000574000862616E427265616B71007E000578, 0xACED0005737200116A6176612E7574696C2E486173684D61700507DAC1C31660D103000246000A6C6F6164466163746F724900097468726573686F6C6478703F400000000000007708000000010000000078);
INSERT INTO `land_land` VALUES ('658', '0', '1', 'tree1', '1', '-1', 'fyxridd', 0xACED00057372000A6C616E642E52616E676500000000000000000200024C0002703174000A4C6C616E642F506F733B4C0002703271007E00017870737200086C616E642E506F73000000000000000102000449000178490001794900017A4C0005776F726C647400124C6A6176612F6C616E672F537472696E673B7870FFFFFFE9000000A8FFFFFFDB740005776F726C647371007E0003FFFFFFE5000000ADFFFFFFDF71007E0006, '1000', 0xACED0005737200116A6176612E7574696C2E486173684D61700507DAC1C31660D103000246000A6C6F6164466163746F724900097468726573686F6C6478703F400000000000067708000000080000000474000F62616E456E746974794368616E6765737200116A6176612E6C616E672E496E746567657212E2A0A4F781873802000149000576616C7565787200106A6176612E6C616E672E4E756D62657286AC951D0B94E08B02000078700000000074000862616E506C61636571007E000574000962616E4275636B657471007E000574000562616E547071007E000578, 0xACED0005737200116A6176612E7574696C2E486173684D61700507DAC1C31660D103000246000A6C6F6164466163746F724900097468726573686F6C6478703F400000000000007708000000010000000078);
INSERT INTO `land_land` VALUES ('662', '0', '1', 'to2', '1', '-1', 'fyxridd', 0xACED00057372000A6C616E642E52616E676500000000000000000200024C0002703174000A4C6C616E642F506F733B4C0002703271007E00017870737200086C616E642E506F73000000000000000102000449000178490001794900017A4C0005776F726C647400124C6A6176612F6C616E672F537472696E673B7870FFFFFFE700000094FFFFFFDD740005776F726C647371007E0003FFFFFFE7000000A7FFFFFFDD71007E0006, '1000', 0xACED0005737200116A6176612E7574696C2E486173684D61700507DAC1C31660D103000246000A6C6F6164466163746F724900097468726573686F6C6478703F4000000000000C7708000000100000000774000F62616E456E746974794368616E6765737200116A6176612E6C616E672E496E746567657212E2A0A4F781873802000149000576616C7565787200106A6176612E6C616E672E4E756D62657286AC951D0B94E08B02000078700000000074000372657371007E000574000862616E506C61636571007E000574000962616E4275636B657471007E000574000862616E427265616B7371007E00030000001174000762616E466C6F7771007E000574000562616E547071007E000578, 0xACED0005737200116A6176612E7574696C2E486173684D61700507DAC1C31660D103000246000A6C6F6164466163746F724900097468726573686F6C6478703F400000000000007708000000010000000078);
INSERT INTO `land_land` VALUES ('668', '0', '1', 'from2', '1', '-1', 'fyxridd', 0xACED00057372000A6C616E642E52616E676500000000000000000200024C0002703174000A4C6C616E642F506F733B4C0002703271007E00017870737200086C616E642E506F73000000000000000102000449000178490001794900017A4C0005776F726C647400124C6A6176612F6C616E672F537472696E673B7870FFFFFF92000000A7FFFFFF57740005776F726C647371007E0003FFFFFF9200000094FFFFFF5771007E0006, '1000', 0xACED0005737200116A6176612E7574696C2E486173684D61700507DAC1C31660D103000246000A6C6F6164466163746F724900097468726573686F6C6478703F4000000000001877080000002000000014740003726573737200116A6176612E6C616E672E496E746567657212E2A0A4F781873802000149000576616C7565787200106A6176612E6C616E672E4E756D62657286AC951D0B94E08B02000078700000000074000B62616E5573654F7468657271007E000574000762616E446F6F7271007E000574000862616E506C61636571007E000574000666697842756771007E000574000962616E4275636B657471007E000574000D62616E506F74696F6E4875727471007E000574000662616E55736571007E000574000A62616E436F6E7461637471007E000574000B62616E506879736963616C71007E000574000C62616E436F6E7461696E657271007E000574000770726F7465637471007E000574000762616E466C6F7771007E000574000562616E547071007E000574000662616E45796571007E000574000F62616E456E746974794368616E676571007E000574000962616E49676E69746571007E000574000B62616E426F6E656D65616C71007E000574000962616E427574746F6E71007E000574000862616E427265616B71007E000578, 0xACED0005737200116A6176612E7574696C2E486173684D61700507DAC1C31660D103000246000A6C6F6164466163746F724900097468726573686F6C6478703F400000000000107708000000100000000078);
INSERT INTO `land_land` VALUES ('671', '0', '1', 'to3', '1', '-1', 'fyxridd', 0xACED00057372000A6C616E642E52616E676500000000000000000200024C0002703174000A4C6C616E642F506F733B4C0002703271007E00017870737200086C616E642E506F73000000000000000102000449000178490001794900017A4C0005776F726C647400124C6A6176612F6C616E672F537472696E673B78700000001500000094FFFFFFDD740005776F726C647371007E000300000015000000A7FFFFFFDD71007E0006, '1000', 0xACED0005737200116A6176612E7574696C2E486173684D61700507DAC1C31660D103000246000A6C6F6164466163746F724900097468726573686F6C6478703F4000000000000C7708000000100000000774000F62616E456E746974794368616E6765737200116A6176612E6C616E672E496E746567657212E2A0A4F781873802000149000576616C7565787200106A6176612E6C616E672E4E756D62657286AC951D0B94E08B02000078700000000074000372657371007E000574000862616E506C61636571007E000574000962616E4275636B657471007E000574000862616E427265616B7371007E00030000001174000762616E466C6F7771007E000574000562616E547071007E000578, 0xACED0005737200116A6176612E7574696C2E486173684D61700507DAC1C31660D103000246000A6C6F6164466163746F724900097468726573686F6C6478703F400000000000007708000000010000000078);
INSERT INTO `land_land` VALUES ('676', '0', '1', 'tree2', '1', '-1', 'fyxridd', 0xACED00057372000A6C616E642E52616E676500000000000000000200024C0002703174000A4C6C616E642F506F733B4C0002703271007E00017870737200086C616E642E506F73000000000000000102000449000178490001794900017A4C0005776F726C647400124C6A6176612F6C616E672F537472696E673B787000000017000000A8FFFFFFDB740005776F726C647371007E000300000013000000ADFFFFFFDF71007E0006, '1000', 0xACED0005737200116A6176612E7574696C2E486173684D61700507DAC1C31660D103000246000A6C6F6164466163746F724900097468726573686F6C6478703F400000000000067708000000080000000474000F62616E456E746974794368616E6765737200116A6176612E6C616E672E496E746567657212E2A0A4F781873802000149000576616C7565787200106A6176612E6C616E672E4E756D62657286AC951D0B94E08B02000078700000000074000862616E506C61636571007E000574000962616E4275636B657471007E000574000562616E547071007E000578, 0xACED0005737200116A6176612E7574696C2E486173684D61700507DAC1C31660D103000246000A6C6F6164466163746F724900097468726573686F6C6478703F400000000000007708000000010000000078);
INSERT INTO `land_land` VALUES ('679', '0', '1', 'from3', '1', '-1', 'fyxridd', 0xACED00057372000A6C616E642E52616E676500000000000000000200024C0002703174000A4C6C616E642F506F733B4C0002703271007E00017870737200086C616E642E506F73000000000000000102000449000178490001794900017A4C0005776F726C647400124C6A6176612F6C616E672F537472696E673B7870FFFFFF93000000A7FFFFFF51740005776F726C647371007E0003FFFFFF9300000094FFFFFF5171007E0006, '1000', 0xACED0005737200116A6176612E7574696C2E486173684D61700507DAC1C31660D103000246000A6C6F6164466163746F724900097468726573686F6C6478703F4000000000001877080000002000000014740003726573737200116A6176612E6C616E672E496E746567657212E2A0A4F781873802000149000576616C7565787200106A6176612E6C616E672E4E756D62657286AC951D0B94E08B02000078700000000074000B62616E5573654F7468657271007E000574000762616E446F6F7271007E000574000862616E506C61636571007E000574000666697842756771007E000574000962616E4275636B657471007E000574000D62616E506F74696F6E4875727471007E000574000662616E55736571007E000574000A62616E436F6E7461637471007E000574000B62616E506879736963616C71007E000574000C62616E436F6E7461696E657271007E000574000770726F7465637471007E000574000762616E466C6F7771007E000574000562616E547071007E000574000662616E45796571007E000574000F62616E456E746974794368616E676571007E000574000962616E49676E69746571007E000574000B62616E426F6E656D65616C71007E000574000962616E427574746F6E71007E000574000862616E427265616B71007E000578, 0xACED0005737200116A6176612E7574696C2E486173684D61700507DAC1C31660D103000246000A6C6F6164466163746F724900097468726573686F6C6478703F400000000000107708000000100000000078);
INSERT INTO `land_land` VALUES ('685', '0', '1', 'tp1', '1', '-1', 'fyxridd', 0xACED00057372000A6C616E642E52616E676500000000000000000200024C0002703174000A4C6C616E642F506F733B4C0002703271007E00017870737200086C616E642E506F73000000000000000102000449000178490001794900017A4C0005776F726C647400124C6A6176612F6C616E672F537472696E673B7870FFFFFFF1000000A4FFFFFFEA740005776F726C647371007E0003FFFFFFF0000000A3FFFFFFEA71007E0006, '1000', 0xACED0005737200116A6176612E7574696C2E486173684D61700507DAC1C31660D103000246000A6C6F6164466163746F724900097468726573686F6C6478703F400000000000187708000000200000000E74000B62616E5573654F74686572737200116A6176612E6C616E672E496E746567657212E2A0A4F781873802000149000576616C7565787200106A6176612E6C616E672E4E756D62657286AC951D0B94E08B02000078700000000074000762616E446F6F7271007E000574000862616E506C61636571007E000574000666697842756771007E000574000962616E4275636B657471007E000574000D62616E506F74696F6E4875727471007E000574000C62616E436F6E7461696E657271007E000574000762616E466C6F7771007E000574000562616E547071007E000574000F62616E456E746974794368616E676571007E000574000962616E49676E69746571007E000574000B62616E426F6E656D65616C71007E000574000962616E427574746F6E71007E000574000862616E427265616B71007E000578, 0xACED0005737200116A6176612E7574696C2E486173684D61700507DAC1C31660D103000246000A6C6F6164466163746F724900097468726573686F6C6478703F400000000000107708000000100000000078);
INSERT INTO `land_land` VALUES ('687', '0', '1', 'tp2', '1', '-1', 'fyxridd', 0xACED00057372000A6C616E642E52616E676500000000000000000200024C0002703174000A4C6C616E642F506F733B4C0002703271007E00017870737200086C616E642E506F73000000000000000102000449000178490001794900017A4C0005776F726C647400124C6A6176612F6C616E672F537472696E673B78700000000A000000A3FFFFFFEA740005776F726C647371007E00030000000B000000A4FFFFFFEA71007E0006, '1000', 0xACED0005737200116A6176612E7574696C2E486173684D61700507DAC1C31660D103000246000A6C6F6164466163746F724900097468726573686F6C6478703F400000000000187708000000200000000E74000B62616E5573654F74686572737200116A6176612E6C616E672E496E746567657212E2A0A4F781873802000149000576616C7565787200106A6176612E6C616E672E4E756D62657286AC951D0B94E08B02000078700000000074000762616E446F6F7271007E000574000862616E506C61636571007E000574000666697842756771007E000574000962616E4275636B657471007E000574000B62616E506879736963616C71007E000574000C62616E436F6E7461696E657271007E000574000762616E466C6F7771007E000574000562616E547071007E000574000F62616E456E746974794368616E676571007E000574000962616E49676E69746571007E000574000B62616E426F6E656D65616C71007E000574000962616E427574746F6E71007E000574000862616E427265616B71007E000578, 0xACED0005737200116A6176612E7574696C2E486173684D61700507DAC1C31660D103000246000A6C6F6164466163746F724900097468726573686F6C6478703F400000000000107708000000100000000078);
INSERT INTO `land_land` VALUES ('690', '0', '1', 'tp3', '1', '-1', 'fyxridd', 0xACED00057372000A6C616E642E52616E676500000000000000000200024C0002703174000A4C6C616E642F506F733B4C0002703271007E00017870737200086C616E642E506F73000000000000000102000449000178490001794900017A4C0005776F726C647400124C6A6176612F6C616E672F537472696E673B7870FFFFFF01000000A400000002740005776F726C647371007E0003FFFFFF02000000A50000000271007E0006, '5000', 0xACED0005737200116A6176612E7574696C2E486173684D61700507DAC1C31660D103000246000A6C6F6164466163746F724900097468726573686F6C6478703F400000000000187708000000200000001174000B62616E5573654F74686572737200116A6176612E6C616E672E496E746567657212E2A0A4F781873802000149000576616C7565787200106A6176612E6C616E672E4E756D62657286AC951D0B94E08B02000078700000000074000762616E446F6F7271007E000574000862616E506C61636571007E000574000666697842756771007E000574000962616E4275636B657471007E000574000D62616E506F74696F6E4875727471007E000574000A62616E436F6E7461637471007E000574000B62616E506879736963616C71007E000574000C62616E436F6E7461696E657271007E000574000770726F7465637471007E000574000762616E466C6F7771007E000574000562616E547071007E000574000F62616E456E746974794368616E676571007E000574000962616E49676E69746571007E000574000B62616E426F6E656D65616C71007E000574000962616E427574746F6E71007E000574000862616E427265616B71007E000578, 0xACED0005737200116A6176612E7574696C2E486173684D61700507DAC1C31660D103000246000A6C6F6164466163746F724900097468726573686F6C6478703F400000000000007708000000010000000078);
INSERT INTO `land_land` VALUES ('693', '0', '1', 'tp4', '1', '-1', 'fyxridd', 0xACED00057372000A6C616E642E52616E676500000000000000000200024C0002703174000A4C6C616E642F506F733B4C0002703271007E00017870737200086C616E642E506F73000000000000000102000449000178490001794900017A4C0005776F726C647400124C6A6176612F6C616E672F537472696E673B7870000000CC000000850000003C740005776F726C647371007E0003000000CC000000830000003C71007E0006, '1000', 0xACED0005737200116A6176612E7574696C2E486173684D61700507DAC1C31660D103000246000A6C6F6164466163746F724900097468726573686F6C6478703F400000000000187708000000200000000D74000B62616E5573654F74686572737200116A6176612E6C616E672E496E746567657212E2A0A4F781873802000149000576616C7565787200106A6176612E6C616E672E4E756D62657286AC951D0B94E08B02000078700000000074000762616E446F6F7271007E000574000862616E506C61636571007E000574000666697842756771007E000574000962616E4275636B657471007E000574000B62616E506879736963616C71007E000574000C62616E436F6E7461696E657271007E000574000762616E466C6F7771007E000574000562616E547071007E000574000F62616E456E746974794368616E676571007E000574000B62616E426F6E656D65616C71007E000574000962616E427574746F6E71007E000574000862616E427265616B71007E000578, 0xACED0005737200116A6176612E7574696C2E486173684D61700507DAC1C31660D103000246000A6C6F6164466163746F724900097468726573686F6C6478703F400000000000107708000000100000000078);
INSERT INTO `land_land` VALUES ('876', '0', '1', 'tp5', '1', '-1', 'fyxridd', 0xACED00057372000A6C616E642E52616E676500000000000000000200024C0002703174000A4C6C616E642F506F733B4C0002703271007E00017870737200086C616E642E506F73000000000000000102000449000178490001794900017A4C0005776F726C647400124C6A6176612F6C616E672F537472696E673B78700000007D0000008AFFFFFF78740005776F726C647371007E00030000007D00000088FFFFFF7671007E0006, '1000', 0xACED0005737200116A6176612E7574696C2E486173684D61700507DAC1C31660D103000246000A6C6F6164466163746F724900097468726573686F6C6478703F400000000000187708000000200000001174000B62616E5573654F74686572737200116A6176612E6C616E672E496E746567657212E2A0A4F781873802000149000576616C7565787200106A6176612E6C616E672E4E756D62657286AC951D0B94E08B02000078700000000074000762616E446F6F7271007E000574000862616E506C61636571007E000574000666697842756771007E000574000962616E4275636B657471007E000574000D62616E506F74696F6E4875727471007E000574000A62616E436F6E7461637471007E000574000B62616E506879736963616C71007E000574000C62616E436F6E7461696E657271007E000574000770726F7465637471007E000574000762616E466C6F7771007E000574000562616E547071007E000574000F62616E456E746974794368616E676571007E000574000962616E49676E69746571007E000574000B62616E426F6E656D65616C71007E000574000962616E427574746F6E71007E000574000862616E427265616B71007E000578, 0xACED0005737200116A6176612E7574696C2E486173684D61700507DAC1C31660D103000246000A6C6F6164466163746F724900097468726573686F6C6478703F400000000000107708000000100000000078);
INSERT INTO `land_land` VALUES ('921', '0', '1', 'nether', '1', '-1', 'fyxridd', 0xACED00057372000A6C616E642E52616E676500000000000000000200024C0002703174000A4C6C616E642F506F733B4C0002703271007E00017870737200086C616E642E506F73000000000000000102000449000178490001794900017A4C0005776F726C647400124C6A6176612F6C616E672F537472696E673B78700000007900000082FFFFFF6F740005776F726C647371007E0003000000EB00000091FFFFFF8071007E0006, '500', 0xACED0005737200116A6176612E7574696C2E486173684D61700507DAC1C31660D103000246000A6C6F6164466163746F724900097468726573686F6C6478703F4000000000000C7708000000100000000974000F62616E456E746974794368616E6765737200116A6176612E6C616E672E496E746567657212E2A0A4F781873802000149000576616C7565787200106A6176612E6C616E672E4E756D62657286AC951D0B94E08B02000078700000000074000662616E45796571007E000574000862616E506C61636571007E000574000B62616E426F6E656D65616C71007E0005740008666F72636550767071007E000574000666697842756771007E000574000962616E4275636B657471007E000574000862616E427265616B71007E000574000562616E547071007E000578, 0xACED0005737200116A6176612E7574696C2E486173684D61700507DAC1C31660D103000246000A6C6F6164466163746F724900097468726573686F6C6478703F400000000000007708000000010000000078);
INSERT INTO `land_land` VALUES ('930', '0', '1', 'to4', '1', '-1', 'fyxridd', 0xACED00057372000A6C616E642E52616E676500000000000000000200024C0002703174000A4C6C616E642F506F733B4C0002703271007E00017870737200086C616E642E506F73000000000000000102000449000178490001794900017A4C0005776F726C647400124C6A6176612F6C616E672F537472696E673B7870000000DF00000088FFFFFF74740005776F726C647371007E0003000000E10000006BFFFFFF7471007E0006, '600', 0xACED0005737200116A6176612E7574696C2E486173684D61700507DAC1C31660D103000246000A6C6F6164466163746F724900097468726573686F6C6478703F4000000000000C7708000000100000000A74000F62616E456E746974794368616E6765737200116A6176612E6C616E672E496E746567657212E2A0A4F781873802000149000576616C7565787200106A6176612E6C616E672E4E756D62657286AC951D0B94E08B02000078700000000074000372657371007E000574000862616E506C61636571007E000574000B62616E426F6E656D65616C71007E000574000666697842756771007E000574000962616E4275636B65747371007E00030000000074000B62616E506879736963616C71007E000574000862616E427265616B7371007E00030000005874000762616E466C6F7771007E000574000562616E547071007E000578, 0xACED0005737200116A6176612E7574696C2E486173684D61700507DAC1C31660D103000246000A6C6F6164466163746F724900097468726573686F6C6478703F400000000000007708000000010000000078);
INSERT INTO `land_land` VALUES ('934', '0', '1', 'from4', '1', '-1', 'fyxridd', 0xACED00057372000A6C616E642E52616E676500000000000000000200024C0002703174000A4C6C616E642F506F733B4C0002703271007E00017870737200086C616E642E506F73000000000000000102000449000178490001794900017A4C0005776F726C647400124C6A6176612F6C616E672F537472696E673B78700000010B0000006BFFFFFF78740005776F726C647371007E00030000010D00000088FFFFFF7871007E0006, '600', 0xACED0005737200116A6176612E7574696C2E486173684D61700507DAC1C31660D103000246000A6C6F6164466163746F724900097468726573686F6C6478703F4000000000001877080000002000000014740003726573737200116A6176612E6C616E672E496E746567657212E2A0A4F781873802000149000576616C7565787200106A6176612E6C616E672E4E756D62657286AC951D0B94E08B02000078700000000074000B62616E5573654F7468657271007E000574000762616E446F6F7271007E000574000862616E506C61636571007E000574000666697842756771007E000574000962616E4275636B657471007E000574000D62616E506F74696F6E4875727471007E000574000662616E55736571007E000574000A62616E436F6E7461637471007E000574000B62616E506879736963616C71007E000574000C62616E436F6E7461696E657271007E000574000770726F7465637471007E000574000762616E466C6F7771007E000574000562616E547071007E000574000662616E45796571007E000574000F62616E456E746974794368616E676571007E000574000962616E49676E69746571007E000574000B62616E426F6E656D65616C71007E000574000962616E427574746F6E71007E000574000862616E427265616B71007E000578, 0xACED0005737200116A6176612E7574696C2E486173684D61700507DAC1C31660D103000246000A6C6F6164466163746F724900097468726573686F6C6478703F400000000000107708000000100000000078);
INSERT INTO `land_land` VALUES ('949', '0', '1', 'tp6', '1', '-1', 'fyxridd', 0xACED00057372000A6C616E642E52616E676500000000000000000200024C0002703174000A4C6C616E642F506F733B4C0002703271007E00017870737200086C616E642E506F73000000000000000102000449000178490001794900017A4C0005776F726C647400124C6A6176612F6C616E672F537472696E673B7870FFFFFFF7000000A9FFFFFFD0740005776F726C647371007E0003FFFFFFF8000000A7FFFFFFD071007E0006, '1000', 0xACED0005737200116A6176612E7574696C2E486173684D61700507DAC1C31660D103000246000A6C6F6164466163746F724900097468726573686F6C6478703F400000000000187708000000200000000F74000B62616E5573654F74686572737200116A6176612E6C616E672E496E746567657212E2A0A4F781873802000149000576616C7565787200106A6176612E6C616E672E4E756D62657286AC951D0B94E08B02000078700000000074000762616E446F6F7271007E000574000862616E506C61636571007E000574000666697842756771007E000574000962616E4275636B657471007E000574000D62616E506F74696F6E4875727471007E000574000A62616E436F6E7461637471007E000574000C62616E436F6E7461696E657271007E000574000770726F7465637471007E000574000562616E547071007E000574000F62616E456E746974794368616E676571007E000574000962616E49676E69746571007E000574000B62616E426F6E656D65616C71007E000574000962616E427574746F6E71007E000574000862616E427265616B71007E000578, 0xACED0005737200116A6176612E7574696C2E486173684D61700507DAC1C31660D103000246000A6C6F6164466163746F724900097468726573686F6C6478703F400000000000107708000000100000000078);
INSERT INTO `land_land` VALUES ('1043', '0', '1', 'from5', '1', '-1', 'fyxridd', 0xACED00057372000A6C616E642E52616E676500000000000000000200024C0002703174000A4C6C616E642F506F733B4C0002703271007E00017870737200086C616E642E506F73000000000000000102000449000178490001794900017A4C0005776F726C647400124C6A6176612F6C616E672F537472696E673B7870000000F300000089FFFFFF95740005776F726C647371007E0003000000F100000081FFFFFF9571007E0006, '1000', 0xACED0005737200116A6176612E7574696C2E486173684D61700507DAC1C31660D103000246000A6C6F6164466163746F724900097468726573686F6C6478703F400000000000187708000000200000001274000762616E446F6F72737200116A6176612E6C616E672E496E746567657212E2A0A4F781873802000149000576616C7565787200106A6176612E6C616E672E4E756D62657286AC951D0B94E08B02000078700000000074000B62616E5573654F7468657271007E000574000372657371007E000574000862616E506C61636571007E000574000666697842756771007E000574000962616E4275636B657471007E000574000D62616E506F74696F6E4875727471007E000574000A62616E436F6E7461637471007E000574000C62616E436F6E7461696E657271007E000574000B62616E506879736963616C71007E000574000770726F7465637471007E000574000562616E547071007E000574000F62616E456E746974794368616E676571007E000574000662616E45796571007E000574000962616E49676E69746571007E000574000B62616E426F6E656D65616C71007E000574000962616E427574746F6E71007E000574000862616E427265616B71007E000578, 0xACED0005737200116A6176612E7574696C2E486173684D61700507DAC1C31660D103000246000A6C6F6164466163746F724900097468726573686F6C6478703F400000000000007708000000010000000078);
INSERT INTO `land_land` VALUES ('1045', '0', '1', 'to5', '1', '-1', 'fyxridd', 0xACED00057372000A6C616E642E52616E676500000000000000000200024C0002703174000A4C6C616E642F506F733B4C0002703271007E00017870737200086C616E642E506F73000000000000000102000449000178490001794900017A4C0005776F726C647400124C6A6176612F6C616E672F537472696E673B7870000000E100000089FFFFFF7A740005776F726C647371007E0003000000DF00000081FFFFFF7A71007E0006, '1000', 0xACED0005737200116A6176612E7574696C2E486173684D61700507DAC1C31660D103000246000A6C6F6164466163746F724900097468726573686F6C6478703F4000000000000C7708000000100000000B74000F62616E456E746974794368616E6765737200116A6176612E6C616E672E496E746567657212E2A0A4F781873802000149000576616C7565787200106A6176612E6C616E672E4E756D62657286AC951D0B94E08B02000078700000000074000662616E45796571007E000574000372657371007E000574000862616E506C61636571007E000574000B62616E426F6E656D65616C71007E000574000666697842756771007E000574000962616E4275636B657471007E000574000B62616E506879736963616C71007E000574000862616E427265616B7371007E00030000007374000762616E466C6F7771007E000574000562616E547071007E000578, 0xACED0005737200116A6176612E7574696C2E486173684D61700507DAC1C31660D103000246000A6C6F6164466163746F724900097468726573686F6C6478703F400000000000007708000000010000000078);
INSERT INTO `land_land` VALUES ('1946', '0', '1', 'break2', '1', '-1', 'fyxridd', 0xACED00057372000A6C616E642E52616E676500000000000000000200024C0002703174000A4C6C616E642F506F733B4C0002703271007E00017870737200086C616E642E506F73000000000000000102000449000178490001794900017A4C0005776F726C647400124C6A6176612F6C616E672F537472696E673B7870FFFFFFD9000000A8FFFFFFFE740005776F726C647371007E0003FFFFFFD9000000A8FFFFFFFE71007E0006, '2000', 0xACED0005737200116A6176612E7574696C2E486173684D61700507DAC1C31660D103000246000A6C6F6164466163746F724900097468726573686F6C6478703F4000000000000C7708000000100000000C74000F62616E456E746974794368616E6765737200116A6176612E6C616E672E496E746567657212E2A0A4F781873802000149000576616C7565787200106A6176612E6C616E672E4E756D62657286AC951D0B94E08B02000078700000000074000762616E446F6F7271007E000574000962616E49676E69746571007E000574000862616E506C6163657371007E00030000000474000B62616E426F6E656D65616C71007E000574000666697842756771007E000574000962616E4275636B657471007E000574000D62616E506F74696F6E4875727471007E000574000A62616E436F6E7461637471007E000574000962616E427574746F6E71007E000574000770726F7465637471007E000574000562616E547071007E000578, 0xACED0005737200116A6176612E7574696C2E486173684D61700507DAC1C31660D103000246000A6C6F6164466163746F724900097468726573686F6C6478703F400000000000007708000000010000000078);
INSERT INTO `land_land` VALUES ('1962', '0', '1', 'from6', '1', '-1', 'fyxridd', 0xACED00057372000A6C616E642E52616E676500000000000000000200024C0002703174000A4C6C616E642F506F733B4C0002703271007E00017870737200086C616E642E506F73000000000000000102000449000178490001794900017A4C0005776F726C647400124C6A6176612F6C616E672F537472696E673B7870FFFFFF8F000000A7FFFFFFCE740005776F726C647371007E0003FFFFFF8F0000009CFFFFFFCE71007E0006, '1000', 0xACED0005737200116A6176612E7574696C2E486173684D61700507DAC1C31660D103000246000A6C6F6164466163746F724900097468726573686F6C6478703F4000000000001877080000002000000011740003726573737200116A6176612E6C616E672E496E746567657212E2A0A4F781873802000149000576616C7565787200106A6176612E6C616E672E4E756D62657286AC951D0B94E08B02000078700000000074000B62616E5573654F7468657271007E000574000762616E446F6F7271007E000574000862616E506C61636571007E000574000666697842756771007E000574000962616E4275636B657471007E000574000D62616E506F74696F6E4875727471007E000574000A62616E436F6E7461637471007E000574000C62616E436F6E7461696E657271007E000574000770726F7465637471007E000574000762616E466C6F7771007E000574000562616E547071007E000574000F62616E456E746974794368616E676571007E000574000962616E49676E69746571007E000574000B62616E426F6E656D65616C71007E000574000962616E427574746F6E71007E000574000862616E427265616B71007E000578, 0xACED0005737200116A6176612E7574696C2E486173684D61700507DAC1C31660D103000246000A6C6F6164466163746F724900097468726573686F6C6478703F400000000000107708000000100000000078);
INSERT INTO `land_land` VALUES ('1964', '0', '1', 'to6', '1', '-1', 'fyxridd', 0xACED00057372000A6C616E642E52616E676500000000000000000200024C0002703174000A4C6C616E642F506F733B4C0002703271007E00017870737200086C616E642E506F73000000000000000102000449000178490001794900017A4C0005776F726C647400124C6A6176612F6C616E672F537472696E673B7870FFFFFFDD000000A7FFFFFFDD740005776F726C647371007E0003FFFFFFDD0000009CFFFFFFDD71007E0006, '1000', 0xACED0005737200116A6176612E7574696C2E486173684D61700507DAC1C31660D103000246000A6C6F6164466163746F724900097468726573686F6C6478703F400000000000187708000000200000001074000762616E446F6F72737200116A6176612E6C616E672E496E746567657212E2A0A4F781873802000149000576616C7565787200106A6176612E6C616E672E4E756D62657286AC951D0B94E08B02000078700000000074000B62616E5573654F7468657271007E000574000372657371007E000574000862616E506C61636571007E000574000666697842756771007E000574000D62616E506F74696F6E4875727471007E000574000A62616E436F6E7461637471007E000574000C62616E436F6E7461696E657271007E000574000770726F7465637471007E000574000762616E466C6F7771007E000574000562616E547071007E000574000F62616E456E746974794368616E676571007E000574000962616E49676E69746571007E000574000B62616E426F6E656D65616C71007E000574000962616E427574746F6E71007E000574000862616E427265616B7371007E00030000000078, 0xACED0005737200116A6176612E7574696C2E486173684D61700507DAC1C31660D103000246000A6C6F6164466163746F724900097468726573686F6C6478703F400000000000007708000000010000000078);
INSERT INTO `land_land` VALUES ('1968', '0', '1', 'from7', '1', '-1', 'fyxridd', 0xACED00057372000A6C616E642E52616E676500000000000000000200024C0002703174000A4C6C616E642F506F733B4C0002703271007E00017870737200086C616E642E506F73000000000000000102000449000178490001794900017A4C0005776F726C647400124C6A6176612F6C616E672F537472696E673B787000000075000000A7FFFFFFD9740005776F726C647371007E00030000007500000094FFFFFFD971007E0006, '1000', 0xACED0005737200116A6176612E7574696C2E486173684D61700507DAC1C31660D103000246000A6C6F6164466163746F724900097468726573686F6C6478703F4000000000001877080000002000000011740003726573737200116A6176612E6C616E672E496E746567657212E2A0A4F781873802000149000576616C7565787200106A6176612E6C616E672E4E756D62657286AC951D0B94E08B02000078700000000074000B62616E5573654F7468657271007E000574000762616E446F6F7271007E000574000862616E506C61636571007E000574000666697842756771007E000574000962616E4275636B657471007E000574000D62616E506F74696F6E4875727471007E000574000A62616E436F6E7461637471007E000574000C62616E436F6E7461696E657271007E000574000770726F7465637471007E000574000762616E466C6F7771007E000574000562616E547071007E000574000F62616E456E746974794368616E676571007E000574000962616E49676E69746571007E000574000B62616E426F6E656D65616C71007E000574000962616E427574746F6E71007E000574000862616E427265616B71007E000578, 0xACED0005737200116A6176612E7574696C2E486173684D61700507DAC1C31660D103000246000A6C6F6164466163746F724900097468726573686F6C6478703F400000000000107708000000100000000078);
INSERT INTO `land_land` VALUES ('1969', '0', '1', 'to7', '1', '-1', 'fyxridd', 0xACED00057372000A6C616E642E52616E676500000000000000000200024C0002703174000A4C6C616E642F506F733B4C0002703271007E00017870737200086C616E642E506F73000000000000000102000449000178490001794900017A4C0005776F726C647400124C6A6176612F6C616E672F537472696E673B78700000001C000000A7FFFFFFDD740005776F726C647371007E00030000001C00000094FFFFFFDD71007E0006, '1000', 0xACED0005737200116A6176612E7574696C2E486173684D61700507DAC1C31660D103000246000A6C6F6164466163746F724900097468726573686F6C6478703F400000000000187708000000200000000F74000762616E446F6F72737200116A6176612E6C616E672E496E746567657212E2A0A4F781873802000149000576616C7565787200106A6176612E6C616E672E4E756D62657286AC951D0B94E08B02000078700000000074000372657371007E000574000862616E506C61636571007E000574000666697842756771007E000574000D62616E506F74696F6E4875727471007E000574000A62616E436F6E7461637471007E000574000C62616E436F6E7461696E657271007E000574000770726F7465637471007E000574000762616E466C6F7771007E000574000562616E547071007E000574000F62616E456E746974794368616E676571007E000574000962616E49676E69746571007E000574000B62616E426F6E656D65616C71007E000574000962616E427574746F6E71007E000574000862616E427265616B7371007E00030000000078, 0xACED0005737200116A6176612E7574696C2E486173684D61700507DAC1C31660D103000246000A6C6F6164466163746F724900097468726573686F6C6478703F400000000000007708000000010000000078);
INSERT INTO `land_land` VALUES ('6681', '0', '1', 'mine2', '1', '-1', 'fyxridd', 0xACED00057372000A6C616E642E52616E676500000000000000000200024C0002703174000A4C6C616E642F506F733B4C0002703271007E00017870737200086C616E642E506F73000000000000000102000449000178490001794900017A4C0005776F726C647400124C6A6176612F6C616E672F537472696E673B7870FFFFFEFD000000AAFFFFFFF3740005776F726C647371007E0003FFFFFEF10000009F0000000071007E0006, '5000', 0xACED0005737200116A6176612E7574696C2E486173684D61700507DAC1C31660D103000246000A6C6F6164466163746F724900097468726573686F6C6478703F400000000000187708000000200000000A74000862616E506C616365737200116A6176612E6C616E672E496E746567657212E2A0A4F781873802000149000576616C7565787200106A6176612E6C616E672E4E756D62657286AC951D0B94E08B02000078700000001E7400066669784275677371007E00030000000074000962616E4275636B657471007E000774000D62616E506F74696F6E4875727471007E000774000762616E466C6F7771007E000774000562616E547071007E000774000F62616E456E746974794368616E676571007E0007740008666F72636550767071007E000774000B62616E426F6E656D65616C71007E00077400046D696E6571007E000778, 0xACED0005737200116A6176612E7574696C2E486173684D61700507DAC1C31660D103000246000A6C6F6164466163746F724900097468726573686F6C6478703F400000000000107708000000100000000078);
INSERT INTO `land_land` VALUES ('6880', '0', '1', 'mon2', '1', '-1', 'fyxridd', 0xACED00057372000A6C616E642E52616E676500000000000000000200024C0002703174000A4C6C616E642F506F733B4C0002703271007E00017870737200086C616E642E506F73000000000000000102000449000178490001794900017A4C0005776F726C647400124C6A6176612F6C616E672F537472696E673B7870000000B30000007100000024740005776F726C647371007E0003000000ED000000790000005671007E0006, '1000', 0xACED0005737200116A6176612E7574696C2E486173684D61700507DAC1C31660D103000246000A6C6F6164466163746F724900097468726573686F6C6478703F400000000000187708000000200000000874000862616E506C616365737200116A6176612E6C616E672E496E746567657212E2A0A4F781873802000149000576616C7565787200106A6176612E6C616E672E4E756D62657286AC951D0B94E08B02000078700000000074000666697842756771007E000574000962616E4275636B657471007E000574000562616E547071007E000574000F62616E456E746974794368616E676571007E0005740008666F72636550767071007E000574000B62616E426F6E656D65616C71007E000574000862616E427265616B71007E000578, 0xACED0005737200116A6176612E7574696C2E486173684D61700507DAC1C31660D103000246000A6C6F6164466163746F724900097468726573686F6C6478703F400000000000107708000000100000000078);
INSERT INTO `land_land` VALUES ('8560', '0', '1', 'spawn2', '1', '-1', 'fyxridd', 0xACED00057372000A6C616E642E52616E676500000000000000000200024C0002703174000A4C6C616E642F506F733B4C0002703271007E00017870737200086C616E642E506F73000000000000000102000449000178490001794900017A4C0005776F726C647400124C6A6176612F6C616E672F537472696E673B787000000004000000A6FFFFFFFA740005776F726C647371007E0003FFFFFFF6000000AC0000000671007E0006, '100000', 0xACED0005737200116A6176612E7574696C2E486173684D61700507DAC1C31660D103000246000A6C6F6164466163746F724900097468726573686F6C6478703F4000000000000C7708000000100000000B74000F62616E456E746974794368616E6765737200116A6176612E6C616E672E496E746567657212E2A0A4F781873802000149000576616C7565787200106A6176612E6C616E672E4E756D62657286AC951D0B94E08B02000078700000000074000962616E49676E69746571007E000574000862616E506C61636571007E000574000B62616E426F6E656D65616C71007E000574000666697842756771007E000574000962616E4275636B657471007E000574000D62616E506F74696F6E4875727471007E000574000B62616E506879736963616C7371007E00030000000174000862616E427265616B71007E000574000762616E466C6F7771007E000574000562616E547071007E000578, 0xACED0005737200116A6176612E7574696C2E486173684D61700507DAC1C31660D103000246000A6C6F6164466163746F724900097468726573686F6C6478703F400000000000007708000000010000000078);

-- ----------------------------
-- Table structure for land_landcmd
-- ----------------------------
DROP TABLE IF EXISTS `land_landcmd`;
CREATE TABLE `land_landcmd` (
  `id` bigint(20) NOT NULL,
  `landId` bigint(20) NOT NULL,
  `cmd` varchar(255) DEFAULT NULL,
  PRIMARY KEY (`id`)
) ENGINE=InnoDB DEFAULT CHARSET=utf8;

-- ----------------------------
-- Records of land_landcmd
-- ----------------------------
INSERT INTO `land_landcmd` VALUES ('1', '685', '/warp mine');
INSERT INTO `land_landcmd` VALUES ('2', '687', '/warp mon');
INSERT INTO `land_landcmd` VALUES ('3', '690', '/warp animal');
INSERT INTO `land_landcmd` VALUES ('4', '693', '/warp animal');
INSERT INTO `land_landcmd` VALUES ('5', '876', '/warp animal');
INSERT INTO `land_landcmd` VALUES ('6', '949', '/warp nether');

-- ----------------------------
-- Table structure for land_landspawn
-- ----------------------------
DROP TABLE IF EXISTS `land_landspawn`;
CREATE TABLE `land_landspawn` (
  `id` bigint(20) NOT NULL,
  `landId` bigint(20) NOT NULL,
  `spawn` tinyblob,
  `yaw` float DEFAULT NULL,
  `pitch` float DEFAULT NULL,
  PRIMARY KEY (`id`)
) ENGINE=InnoDB DEFAULT CHARSET=utf8;

-- ----------------------------
-- Records of land_landspawn
-- ----------------------------
INSERT INTO `land_landspawn` VALUES ('2', '2', 0xACED0005737200086C616E642E506F73000000000000000102000449000178490001794900017A4C0005776F726C647400124C6A6176612F6C616E672F537472696E673B7870FFFFFFEE000000AEFFFFFECA740005776F726C64, '0', '0');
INSERT INTO `land_landspawn` VALUES ('3', '3', 0xACED0005737200086C616E642E506F73000000000000000102000449000178490001794900017A4C0005776F726C647400124C6A6176612F6C616E672F537472696E673B787000000000000000A9FFFFFF95740005776F726C64, '0', '0');
INSERT INTO `land_landspawn` VALUES ('4', '4', 0xACED0005737200086C616E642E506F73000000000000000102000449000178490001794900017A4C0005776F726C647400124C6A6176612F6C616E672F537472696E673B7870FFFFFEF8000000ACFFFFFFDB740005776F726C64, '0', '0');
INSERT INTO `land_landspawn` VALUES ('5', '5', 0xACED0005737200086C616E642E506F73000000000000000102000449000178490001794900017A4C0005776F726C647400124C6A6176612F6C616E672F537472696E673B7870FFFFFFF500000080FFFFFFD9740005776F726C64, '0', '0');
INSERT INTO `land_landspawn` VALUES ('6', '6', 0xACED0005737200086C616E642E506F73000000000000000102000449000178490001794900017A4C0005776F726C647400124C6A6176612F6C616E672F537472696E673B7870000000960000002000000094740003736B79, '0', '0');
INSERT INTO `land_landspawn` VALUES ('7', '7', 0xACED0005737200086C616E642E506F73000000000000000102000449000178490001794900017A4C0005776F726C647400124C6A6176612F6C616E672F537472696E673B7870FFFFFF02000000A400000000740005776F726C64, '0', '0');
INSERT INTO `land_landspawn` VALUES ('600', '599', 0xACED0005737200086C616E642E506F73000000000000000102000449000178490001794900017A4C0005776F726C647400124C6A6176612F6C616E672F537472696E673B7870FFFFFFDB000000A800000000740005776F726C64, '0', '0');
INSERT INTO `land_landspawn` VALUES ('606', '605', 0xACED0005737200086C616E642E506F73000000000000000102000449000178490001794900017A4C0005776F726C647400124C6A6176612F6C616E672F537472696E673B7870FFFFFFD9000000A800000000740005776F726C64, '0', '0');
INSERT INTO `land_landspawn` VALUES ('659', '658', 0xACED0005737200086C616E642E506F73000000000000000102000449000178490001794900017A4C0005776F726C647400124C6A6176612F6C616E672F537472696E673B7870FFFFFFE7000000AAFFFFFFDD740005776F726C64, '0', '0');
INSERT INTO `land_landspawn` VALUES ('663', '662', 0xACED0005737200086C616E642E506F73000000000000000102000449000178490001794900017A4C0005776F726C647400124C6A6176612F6C616E672F537472696E673B7870FFFFFFE70000009DFFFFFFDD740005776F726C64, '0', '0');
INSERT INTO `land_landspawn` VALUES ('669', '668', 0xACED0005737200086C616E642E506F73000000000000000102000449000178490001794900017A4C0005776F726C647400124C6A6176612F6C616E672F537472696E673B7870FFFFFF920000009DFFFFFF57740005776F726C64, '0', '0');
INSERT INTO `land_landspawn` VALUES ('672', '671', 0xACED0005737200086C616E642E506F73000000000000000102000449000178490001794900017A4C0005776F726C647400124C6A6176612F6C616E672F537472696E673B7870000000150000009DFFFFFFDD740005776F726C64, '0', '0');
INSERT INTO `land_landspawn` VALUES ('677', '676', 0xACED0005737200086C616E642E506F73000000000000000102000449000178490001794900017A4C0005776F726C647400124C6A6176612F6C616E672F537472696E673B787000000015000000AAFFFFFFDD740005776F726C64, '0', '0');
INSERT INTO `land_landspawn` VALUES ('680', '679', 0xACED0005737200086C616E642E506F73000000000000000102000449000178490001794900017A4C0005776F726C647400124C6A6176612F6C616E672F537472696E673B7870FFFFFF930000009DFFFFFF51740005776F726C64, '0', '0');
INSERT INTO `land_landspawn` VALUES ('686', '685', 0xACED0005737200086C616E642E506F73000000000000000102000449000178490001794900017A4C0005776F726C647400124C6A6176612F6C616E672F537472696E673B7870FFFFFFF1000000A3FFFFFFEA740005776F726C64, '0', '0');
INSERT INTO `land_landspawn` VALUES ('688', '687', 0xACED0005737200086C616E642E506F73000000000000000102000449000178490001794900017A4C0005776F726C647400124C6A6176612F6C616E672F537472696E673B78700000000A000000A3FFFFFFEA740005776F726C64, '0', '0');
INSERT INTO `land_landspawn` VALUES ('691', '690', 0xACED0005737200086C616E642E506F73000000000000000102000449000178490001794900017A4C0005776F726C647400124C6A6176612F6C616E672F537472696E673B7870FFFFFF02000000A400000002740005776F726C64, '0', '0');
INSERT INTO `land_landspawn` VALUES ('694', '693', 0xACED0005737200086C616E642E506F73000000000000000102000449000178490001794900017A4C0005776F726C647400124C6A6176612F6C616E672F537472696E673B7870000000CC000000840000003C740005776F726C64, '0', '0');
INSERT INTO `land_landspawn` VALUES ('877', '876', 0xACED0005737200086C616E642E506F73000000000000000102000449000178490001794900017A4C0005776F726C647400124C6A6176612F6C616E672F537472696E673B78700000007D00000089FFFFFF77740005776F726C64, '0', '0');
INSERT INTO `land_landspawn` VALUES ('922', '921', 0xACED0005737200086C616E642E506F73000000000000000102000449000178490001794900017A4C0005776F726C647400124C6A6176612F6C616E672F537472696E673B7870000000B200000089FFFFFF78740005776F726C64, '0', '0');
INSERT INTO `land_landspawn` VALUES ('931', '930', 0xACED0005737200086C616E642E506F73000000000000000102000449000178490001794900017A4C0005776F726C647400124C6A6176612F6C616E672F537472696E673B7870000000E000000079FFFFFF74740005776F726C64, '0', '0');
INSERT INTO `land_landspawn` VALUES ('935', '934', 0xACED0005737200086C616E642E506F73000000000000000102000449000178490001794900017A4C0005776F726C647400124C6A6176612F6C616E672F537472696E673B78700000010C00000079FFFFFF78740005776F726C64, '0', '0');
INSERT INTO `land_landspawn` VALUES ('950', '949', 0xACED0005737200086C616E642E506F73000000000000000102000449000178490001794900017A4C0005776F726C647400124C6A6176612F6C616E672F537472696E673B7870FFFFFFF8000000A8FFFFFFD0740005776F726C64, '0', '0');
INSERT INTO `land_landspawn` VALUES ('1044', '1043', 0xACED0005737200086C616E642E506F73000000000000000102000449000178490001794900017A4C0005776F726C647400124C6A6176612F6C616E672F537472696E673B7870000000F200000083FFFFFF95740005776F726C64, '0', '0');
INSERT INTO `land_landspawn` VALUES ('1046', '1045', 0xACED0005737200086C616E642E506F73000000000000000102000449000178490001794900017A4C0005776F726C647400124C6A6176612F6C616E672F537472696E673B7870000000E000000083FFFFFF7A740005776F726C64, '0', '0');
INSERT INTO `land_landspawn` VALUES ('1947', '1946', 0xACED0005737200086C616E642E506F73000000000000000102000449000178490001794900017A4C0005776F726C647400124C6A6176612F6C616E672F537472696E673B7870FFFFFFD9000000A8FFFFFFFE740005776F726C64, '0', '0');
INSERT INTO `land_landspawn` VALUES ('1963', '1962', 0xACED0005737200086C616E642E506F73000000000000000102000449000178490001794900017A4C0005776F726C647400124C6A6176612F6C616E672F537472696E673B7870FFFFFF8F000000A1FFFFFFCE740005776F726C64, '0', '0');
INSERT INTO `land_landspawn` VALUES ('1965', '1964', 0xACED0005737200086C616E642E506F73000000000000000102000449000178490001794900017A4C0005776F726C647400124C6A6176612F6C616E672F537472696E673B7870FFFFFFDD000000A1FFFFFFDD740005776F726C64, '0', '0');
INSERT INTO `land_landspawn` VALUES ('1969', '1968', 0xACED0005737200086C616E642E506F73000000000000000102000449000178490001794900017A4C0005776F726C647400124C6A6176612F6C616E672F537472696E673B7870000000750000009DFFFFFFD9740005776F726C64, '0', '0');
INSERT INTO `land_landspawn` VALUES ('1970', '1969', 0xACED0005737200086C616E642E506F73000000000000000102000449000178490001794900017A4C0005776F726C647400124C6A6176612F6C616E672F537472696E673B78700000001C0000009DFFFFFFDD740005776F726C64, '0', '0');
INSERT INTO `land_landspawn` VALUES ('6697', '6681', 0xACED0005737200086C616E642E506F73000000000000000102000449000178490001794900017A4C0005776F726C647400124C6A6176612F6C616E672F537472696E673B7870FFFFFEF7000000A4FFFFFFFA740005776F726C64, '0', '0');
INSERT INTO `land_landspawn` VALUES ('6897', '6880', 0xACED0005737200086C616E642E506F73000000000000000102000449000178490001794900017A4C0005776F726C647400124C6A6176612F6C616E672F537472696E673B7870000000D0000000750000003D740005776F726C64, '0', '0');
INSERT INTO `land_landspawn` VALUES ('8598', '8560', 0xACED0005737200086C616E642E506F73000000000000000102000449000178490001794900017A4C0005776F726C647400124C6A6176612F6C616E672F537472696E673B7870FFFFFFFD000000A900000000740005776F726C64, '0', '0');

-- ----------------------------
-- Table structure for land_leavetip
-- ----------------------------
DROP TABLE IF EXISTS `land_leavetip`;
CREATE TABLE `land_leavetip` (
  `id` bigint(20) NOT NULL,
  `landId` bigint(20) NOT NULL,
  `tip` varchar(255) DEFAULT NULL,
  PRIMARY KEY (`id`)
) ENGINE=InnoDB DEFAULT CHARSET=utf8;

-- ----------------------------
-- Records of land_leavetip
-- ----------------------------
INSERT INTO `land_leavetip` VALUES ('2', '2', '§7你离开了 §3<name>');
INSERT INTO `land_leavetip` VALUES ('3', '3', '§7你离开了资源岛');
INSERT INTO `land_leavetip` VALUES ('4', '4', '§7你离开了恐怖矿洞!');
INSERT INTO `land_leavetip` VALUES ('677', '679', '§7你离开了 §3<name>');
INSERT INTO `land_leavetip` VALUES ('919', '921', '§7你离开了地狱!');
INSERT INTO `land_leavetip` VALUES ('932', '934', '§7你离开了 §3<name>');
INSERT INTO `land_leavetip` VALUES ('1041', '1043', '§7你离开了 §3<name>');
INSERT INTO `land_leavetip` VALUES ('1944', '1946', '§7你离开了 §3<name>');
INSERT INTO `land_leavetip` VALUES ('1960', '1962', '§7你离开了 §3<name>');
INSERT INTO `land_leavetip` VALUES ('1966', '1968', '§7你离开了 §3<name>');
INSERT INTO `land_leavetip` VALUES ('6680', '6681', '§7你离开了矿洞深处!');
INSERT INTO `land_leavetip` VALUES ('6879', '6880', '§7你离开了刷怪区底层');
